engine,parallel_requests,QPS,P50_latency(ms),P90_latency(ms),P95_latency(ms),P99_latency(ms),clustersize,query,rfshards,GROUP,fcts,
solr,16,83.2,195.0311925676134,404.61846192677814,489.9098873138428,43.525748782687714,2,roundrobin,1_2,solr-roundrobin-1-2,0.010337352752685547--0.05396699905395508--0.08531022071838379--0.09673309326171875--0.10585165023803711--0.11602020263671875--0.12999367713928223--0.16010570526123047--0.17694377899169922--0.19158267974853516--0.199995756149292--0.21155118942260742--0.2290351390838623--0.2630746364593506--0.28571414947509766--0.2971465587615967--0.31250596046447754--0.3607041835784912--0.3951723575592041--0.4425511360168457
solr,16,90.1,179.747912618849,386.67870892418756,454.0180497699314,29.409514533148872,2,roundrobin,1_2,solr-roundrobin-1-2,0.004734992980957031--0.019273042678833008--0.045458078384399414--0.07625484466552734--0.08989930152893066--0.10042452812194824--0.11117982864379883--0.12441301345825195--0.15982890129089355--0.1788196563720703--0.19138169288635254--0.20386242866516113--0.21603989601135254--0.2371809482574463--0.2793276309967041--0.2976257801055908--0.31346654891967773--0.3455221652984619--0.39104175567626953--0.4579782485961914
solr,16,96.0,178.67722776201038,389.76163334316675,464.74475330776636,68.81248950958252,2,roundrobin,1_2,solr-roundrobin-1-2,0.003670215606689453--0.012178659439086914--0.022125720977783203--0.046125173568725586--0.07762408256530762--0.09221124649047852--0.10125160217285156--0.11261963844299316--0.1317760944366455--0.1734473705291748--0.18909740447998047--0.2018270492553711--0.2131814956665039--0.22813868522644043--0.26599979400634766--0.28568506240844727--0.3025624752044678--0.3211398124694824--0.3821871280670166--0.4552886486053467
