engine,parallel_requests,QPS,P50_latency(ms),P90_latency(ms),P95_latency(ms),P99_latency(ms),clustersize,query,rfshards,GROUP,fcts,
solr,4,248.0,20.039161046346027,34.412105878194176,38.47789764404297,45.502821604410805,2,roundrobin,2_4,shard4,0.0031290054321289062--0.00547337532043457--0.007236957550048828--0.00937795639038086--0.010846138000488281--0.012109756469726562--0.013581514358520508--0.01545572280883789--0.017226219177246094--0.01896047592163086--0.021388530731201172--0.02332615852355957--0.024960041046142578--0.027428388595581055--0.030438661575317383--0.032965898513793945--0.03563523292541504--0.04036068916320801--0.04540109634399414--0.05066227912902832
solr,4,236.4,22.03182379404704,35.17278035481771,38.7726624806722,52.02444394429525,2,roundrobin,2_4,shard4,0.0035660266876220703--0.005476474761962891--0.006539821624755859--0.007879018783569336--0.009647607803344727--0.011012554168701172--0.013991117477416992--0.01788043975830078--0.019874095916748047--0.02128314971923828--0.022963762283325195--0.025334835052490234--0.027966022491455078--0.030105113983154297--0.03204154968261719--0.035727739334106445--0.03855729103088379--0.041875362396240234--0.04622459411621094--0.05162644386291504
solr,4,247.6,19.290963808695476,32.88241227467855,35.677591959635414,52.504658699035645,2,roundrobin,2_4,shard4,0.0032930374145507812--0.005136728286743164--0.005852222442626953--0.006918430328369141--0.009705066680908203--0.012021541595458984--0.01438593864440918--0.016289234161376953--0.017826080322265625--0.019629955291748047--0.021616220474243164--0.023593425750732422--0.025422334671020508--0.027135372161865234--0.028813838958740234--0.030994892120361328--0.0333552360534668--0.03735494613647461--0.04147744178771973--0.047011613845825195
